{
    "sample": {
        "rouge-1": {
            "r": 0.26643338199094035,
            "p": 0.15580400045291237,
            "f": 0.18319420168083173
        },
        "rouge-2": {
            "r": 0.012324250857228086,
            "p": 0.008381650062677487,
            "f": 0.00878208962771802
        },
        "rouge-l": {
            "r": 0.24812563665188542,
            "p": 0.14726594248567934,
            "f": 0.1721122881664346
        },
        "bleu": 5.200963473218122e-05
    },
    "traffic": {
        "rouge-1": {
            "r": 0.3542195910219739,
            "p": 0.3428896572313964,
            "f": 0.34400933901380154
        },
        "rouge-2": {
            "r": 0.21559187483249526,
            "p": 0.18769929072555455,
            "f": 0.19651154050506617
        },
        "rouge-l": {
            "r": 0.35027094233407546,
            "p": 0.33974109541403313,
            "f": 0.34052969323135795
        },
        "bleu": 0.00047298550224809753
    }
}