{
    "sample-0": {
        "rouge-1": {
            "r": 0.4548761571761576,
            "p": 0.46040476190476237,
            "f": 0.4429089823857459
        },
        "rouge-2": {
            "r": 0.28930795756531036,
            "p": 0.28755714285714284,
            "f": 0.27416842105358785
        },
        "rouge-l": {
            "r": 0.45427767232767274,
            "p": 0.4596547619047624,
            "f": 0.4422484560699564
        },
        "bleu": 0.01086051234272213,
        "bert_score": {
            "precision": 0.74803387093544,
            "recall": 0.7326998373270035,
            "f1_score": 0.7386637510061264
        }
    },
    "sample-2": {
        "rouge-1": {
            "r": 0.4548761571761576,
            "p": 0.46040476190476237,
            "f": 0.4429089823857459
        },
        "rouge-2": {
            "r": 0.28930795756531036,
            "p": 0.28755714285714284,
            "f": 0.27416842105358785
        },
        "rouge-l": {
            "r": 0.45427767232767274,
            "p": 0.4596547619047624,
            "f": 0.4422484560699564
        },
        "bleu": 0.006313611738478965,
        "bert_score": {
            "precision": 0.6560073480010032,
            "recall": 0.6220224854946137,
            "f1_score": 0.6373302275538445
        }
    },
    "traffic-1": {
        "rouge-1": {
            "r": 0.18717460317460427,
            "p": 0.3204000000000021,
            "f": 0.2324150901213894
        },
        "rouge-2": {
            "r": 0.09810000000000038,
            "p": 0.1923285714285715,
            "f": 0.12784961365162414
        },
        "rouge-l": {
            "r": 0.18393650793650904,
            "p": 0.3174000000000021,
            "f": 0.22930920776844818
        },
        "bleu": 2.3129533375367177e-157,
        "bert_score": {
            "precision": 0.7324484981298447,
            "recall": 0.5842575349807739,
            "f1_score": 0.64690625166893
        }
    },
    "traffic-3": {
        "rouge-1": {
            "r": 0.18717460317460427,
            "p": 0.3204000000000021,
            "f": 0.2324150901213894
        },
        "rouge-2": {
            "r": 0.09810000000000038,
            "p": 0.1923285714285715,
            "f": 0.12784961365162414
        },
        "rouge-l": {
            "r": 0.18393650793650904,
            "p": 0.3174000000000021,
            "f": 0.22930920776844818
        },
        "bleu": 3.662711722887608e-157,
        "bert_score": {
            "precision": 0.7171928530931473,
            "recall": 0.4920966305732727,
            "f1_score": 0.5792697167992592
        }
    }
}