{
    "sample-0": {
        "rouge-1": {
            "r": 0.43435162615162637,
            "p": 0.456304761904763,
            "f": 0.4310750046314012
        },
        "rouge-2": {
            "r": 0.2700866732940263,
            "p": 0.28040000000000004,
            "f": 0.26192740658517516
        },
        "rouge-l": {
            "r": 0.43410162615162634,
            "p": 0.45597142857142964,
            "f": 0.4307892903456869
        },
        "bleu": 0.01129853364213502,
        "bert_score": {
            "precision": 0.7524807910919189,
            "recall": 0.7212051231861114,
            "f1_score": 0.7350887644290924
        }
    },
    "sample-2": {
        "rouge-1": {
            "r": 0.43435162615162637,
            "p": 0.456304761904763,
            "f": 0.4310750046314012
        },
        "rouge-2": {
            "r": 0.2700866732940263,
            "p": 0.28040000000000004,
            "f": 0.26192740658517516
        },
        "rouge-l": {
            "r": 0.43410162615162634,
            "p": 0.45597142857142964,
            "f": 0.4307892903456869
        },
        "bleu": 0.01775056973995719,
        "bert_score": {
            "precision": 0.6774813637137413,
            "recall": 0.6818485968708992,
            "f1_score": 0.6787540150880813
        }
    },
    "traffic-1": {
        "rouge-1": {
            "r": 0.2368629148629171,
            "p": 0.4000000000000035,
            "f": 0.29568066763794454
        },
        "rouge-2": {
            "r": 0.12705050505050544,
            "p": 0.25,
            "f": 0.166368860082967
        },
        "rouge-l": {
            "r": 0.2368629148629171,
            "p": 0.4000000000000035,
            "f": 0.29568066763794454
        },
        "bleu": 4.668718829930681e-232,
        "bert_score": {
            "precision": 0.7377456569671631,
            "recall": 0.6249378250837326,
            "f1_score": 0.6757783960103989
        }
    },
    "traffic-3": {
        "rouge-1": {
            "r": 0.2368629148629171,
            "p": 0.4000000000000035,
            "f": 0.29568066763794454
        },
        "rouge-2": {
            "r": 0.12705050505050544,
            "p": 0.25,
            "f": 0.166368860082967
        },
        "rouge-l": {
            "r": 0.2368629148629171,
            "p": 0.4000000000000035,
            "f": 0.29568066763794454
        },
        "bleu": 6.53869790287686e-232,
        "bert_score": {
            "precision": 0.765660779595375,
            "recall": 0.6518550303578377,
            "f1_score": 0.703428316116333
        }
    }
}