{
    "sample-0": {
        "rouge-1": {
            "r": 0.297054562104562,
            "p": 0.2248178835724452,
            "f": 0.24306631897718695
        },
        "rouge-2": {
            "r": 0.014950144300144306,
            "p": 0.015203699078699083,
            "f": 0.014356967310866586
        },
        "rouge-l": {
            "r": 0.29240785880785886,
            "p": 0.22139493984950154,
            "f": 0.2392441089363392
        },
        "bleu": 2.5389301168017133e-80,
        "bert_score": {
            "precision": 0.6219482077360153,
            "recall": 0.6434134370684623,
            "f1_score": 0.6311330608129502
        }
    },
    "sample-2": {
        "rouge-1": {
            "r": 0.297054562104562,
            "p": 0.2248178835724452,
            "f": 0.24306631897718695
        },
        "rouge-2": {
            "r": 0.014950144300144306,
            "p": 0.015203699078699083,
            "f": 0.014356967310866586
        },
        "rouge-l": {
            "r": 0.29240785880785886,
            "p": 0.22139493984950154,
            "f": 0.2392441089363392
        },
        "bleu": 0.00022738612304909627,
        "bert_score": {
            "precision": 0.4948216328024864,
            "recall": 0.5662478023767471,
            "f1_score": 0.5275295801758766
        }
    },
    "traffic-1": {
        "rouge-1": {
            "r": 0.2738150072150089,
            "p": 0.41158028638028893,
            "f": 0.3215841790120417
        },
        "rouge-2": {
            "r": 0.15174949494949547,
            "p": 0.2551604532722184,
            "f": 0.1822491305595334
        },
        "rouge-l": {
            "r": 0.27144184704184887,
            "p": 0.4094388722388748,
            "f": 0.3193473900699897
        },
        "bleu": 8.216764720109793e-156,
        "bert_score": {
            "precision": 0.7421873067617416,
            "recall": 0.6383900668621063,
            "f1_score": 0.6848738702535629
        }
    },
    "traffic-3": {
        "rouge-1": {
            "r": 0.2738150072150089,
            "p": 0.41158028638028893,
            "f": 0.3215841790120417
        },
        "rouge-2": {
            "r": 0.15174949494949547,
            "p": 0.2551604532722184,
            "f": 0.1822491305595334
        },
        "rouge-l": {
            "r": 0.27144184704184887,
            "p": 0.4094388722388748,
            "f": 0.3193473900699897
        },
        "bleu": 1.3214779644045296e-155,
        "bert_score": {
            "precision": 0.6043810039162636,
            "recall": 0.6368323676586151,
            "f1_score": 0.6192305766344071
        }
    }
}