{
    "sample": {
        "rouge-1": {
            "r": 0.3542942464148941,
            "p": 0.36715561174618516,
            "f": 0.34906679197288937
        },
        "rouge-2": {
            "r": 0.1762503772836193,
            "p": 0.18758632467461347,
            "f": 0.17384287048218036
        },
        "rouge-l": {
            "r": 0.34105504356970895,
            "p": 0.35241467513882546,
            "f": 0.33558812142696276
        },
        "bleu": 0.016265683474005976
    },
    "traffic": {
        "rouge-1": {
            "r": 0.0,
            "p": 0.0,
            "f": 0.0
        },
        "rouge-2": {
            "r": 0.0,
            "p": 0.0,
            "f": 0.0
        },
        "rouge-l": {
            "r": 0.0,
            "p": 0.0,
            "f": 0.0
        },
        "bleu": 0.0
    }
}