{
    "sample": {
        "rouge-1": {
            "r": 0.24281891607755268,
            "p": 0.13216365839374314,
            "f": 0.16117141329221676
        },
        "rouge-2": {
            "r": 0.012787328493224294,
            "p": 0.0073982984054099055,
            "f": 0.008645130662355312
        },
        "rouge-l": {
            "r": 0.227809162258666,
            "p": 0.12406199695211365,
            "f": 0.15119649057212525
        },
        "bleu": 0.00014437257726957663
    },
    "traffic": {
        "rouge-1": {
            "r": 0.5500465961810891,
            "p": 0.3033652639142403,
            "f": 0.37270358772176637
        },
        "rouge-2": {
            "r": 0.2866458056531233,
            "p": 0.1443013000381787,
            "f": 0.1804414397153073
        },
        "rouge-l": {
            "r": 0.5225988025393341,
            "p": 0.285918148280132,
            "f": 0.3522111639762306
        },
        "bleu": 0.032243993699076434
    }
}