{
    "sample": {
        "rouge-1": {
            "r": 0.24584494870102322,
            "p": 0.13439083307054736,
            "f": 0.16305838485998905
        },
        "rouge-2": {
            "r": 0.012770181236076638,
            "p": 0.007922669408652695,
            "f": 0.008813205874495203
        },
        "rouge-l": {
            "r": 0.23044094555887362,
            "p": 0.12601840218615434,
            "f": 0.15280088670831443
        },
        "bleu": 6.641753730099792e-05
    },
    "traffic": {
        "rouge-1": {
            "r": 0.5479042407221735,
            "p": 0.3065823579285056,
            "f": 0.37536888920978545
        },
        "rouge-2": {
            "r": 0.2829806794811354,
            "p": 0.14612536529141473,
            "f": 0.18170276104695235
        },
        "rouge-l": {
            "r": 0.5188518226715862,
            "p": 0.28758313963302984,
            "f": 0.35318156374193
        },
        "bleu": 0.03421739799233944
    }
}