{
    "sample-0": {
        "rouge-1": {
            "r": 0.3075325785325786,
            "p": 0.15541955067260266,
            "f": 0.19824093630094475
        },
        "rouge-2": {
            "r": 0.01452792207792208,
            "p": 0.008338593510033139,
            "f": 0.010073913140969728
        },
        "rouge-l": {
            "r": 0.3043269508269508,
            "p": 0.15359766063453614,
            "f": 0.19597012526401675
        },
        "bleu": 2.8630213490200038e-80,
        "bert_score": {
            "precision": 0.5801965087652207,
            "recall": 0.6864078081846238,
            "f1_score": 0.627463557779789
        }
    },
    "sample-2": {
        "rouge-1": {
            "r": 0.3075325785325786,
            "p": 0.15541955067260266,
            "f": 0.19824093630094475
        },
        "rouge-2": {
            "r": 0.01452792207792208,
            "p": 0.008338593510033139,
            "f": 0.010073913140969728
        },
        "rouge-l": {
            "r": 0.3043269508269508,
            "p": 0.15359766063453614,
            "f": 0.19597012526401675
        },
        "bleu": 1.7156281833483413e-80,
        "bert_score": {
            "precision": 0.5352200610637665,
            "recall": 0.5739970068335534,
            "f1_score": 0.5521755902767181
        }
    },
    "traffic-1": {
        "rouge-1": {
            "r": 0.5353093795093795,
            "p": 0.33172820176318507,
            "f": 0.39308400734856497
        },
        "rouge-2": {
            "r": 0.2919565656565664,
            "p": 0.16855078125575662,
            "f": 0.20280338314548144
        },
        "rouge-l": {
            "r": 0.5132731601731604,
            "p": 0.31562155125294417,
            "f": 0.37491830765220896
        },
        "bleu": 0.04069033417646876,
        "bert_score": {
            "precision": 0.6487240536212922,
            "recall": 0.6970037568807602,
            "f1_score": 0.6706272737979889
        }
    },
    "traffic-3": {
        "rouge-1": {
            "r": 0.5353093795093795,
            "p": 0.33172820176318507,
            "f": 0.39308400734856497
        },
        "rouge-2": {
            "r": 0.2919565656565664,
            "p": 0.16855078125575662,
            "f": 0.20280338314548144
        },
        "rouge-l": {
            "r": 0.5132731601731604,
            "p": 0.31562155125294417,
            "f": 0.37491830765220896
        },
        "bleu": 0.019470015187362886,
        "bert_score": {
            "precision": 0.6451553882956504,
            "recall": 0.7105675567388534,
            "f1_score": 0.674876736164093
        }
    }
}