{
    "sample": {
        "rouge-1": {
            "r": 0.24615996856625647,
            "p": 0.13380675052532637,
            "f": 0.1631492559106206
        },
        "rouge-2": {
            "r": 0.013436690380880674,
            "p": 0.007528060214148934,
            "f": 0.0090916011160528
        },
        "rouge-l": {
            "r": 0.23014452576168737,
            "p": 0.12526637536161053,
            "f": 0.15257385510714971
        },
        "bleu": 8.669546920215343e-05
    },
    "traffic": {
        "rouge-1": {
            "r": 0.5517399165843823,
            "p": 0.30472696714362296,
            "f": 0.3743629644870064
        },
        "rouge-2": {
            "r": 0.2871817975660601,
            "p": 0.14520771773881733,
            "f": 0.18150107040692162
        },
        "rouge-l": {
            "r": 0.5254406871973218,
            "p": 0.28753509412754075,
            "f": 0.3542527570874356
        },
        "bleu": 0.03331678851883485
    }
}