{
    "sample-0": {
        "rouge-1": {
            "r": 0.3083863802863804,
            "p": 0.15910631119788846,
            "f": 0.2011752948034978
        },
        "rouge-2": {
            "r": 0.015175685425685427,
            "p": 0.0094832304520385,
            "f": 0.011165401065136577
        },
        "rouge-l": {
            "r": 0.3051902763902764,
            "p": 0.15714745175667608,
            "f": 0.19879829492736742
        },
        "bleu": 2.9350429402205965e-80,
        "bert_score": {
            "precision": 0.5824313573241234,
            "recall": 0.6864567103385926,
            "f1_score": 0.6287701610326767
        }
    },
    "sample-2": {
        "rouge-1": {
            "r": 0.3083863802863804,
            "p": 0.15910631119788846,
            "f": 0.2011752948034978
        },
        "rouge-2": {
            "r": 0.015175685425685427,
            "p": 0.0094832304520385,
            "f": 0.011165401065136577
        },
        "rouge-l": {
            "r": 0.3051902763902764,
            "p": 0.15714745175667608,
            "f": 0.19879829492736742
        },
        "bleu": 3.1309681243950325e-80,
        "bert_score": {
            "precision": 0.5343285971879959,
            "recall": 0.5699451937079429,
            "f1_score": 0.549838317990303
        }
    },
    "traffic-1": {
        "rouge-1": {
            "r": 0.5421520923520919,
            "p": 0.33586246517425805,
            "f": 0.3970580197515373
        },
        "rouge-2": {
            "r": 0.28391010101010167,
            "p": 0.16315051783361356,
            "f": 0.1960882354544104
        },
        "rouge-l": {
            "r": 0.5175769119769119,
            "p": 0.3188051247678466,
            "f": 0.3776138700971916
        },
        "bleu": 0.037144755269991794,
        "bert_score": {
            "precision": 0.650142481982708,
            "recall": 0.6988109891414642,
            "f1_score": 0.6720919477939605
        }
    },
    "traffic-3": {
        "rouge-1": {
            "r": 0.5421520923520919,
            "p": 0.33586246517425805,
            "f": 0.3970580197515373
        },
        "rouge-2": {
            "r": 0.28391010101010167,
            "p": 0.16315051783361356,
            "f": 0.1960882354544104
        },
        "rouge-l": {
            "r": 0.5175769119769119,
            "p": 0.3188051247678466,
            "f": 0.3776138700971916
        },
        "bleu": 0.02213382813828369,
        "bert_score": {
            "precision": 0.6452409895658493,
            "recall": 0.7161277853250504,
            "f1_score": 0.6773797646760941
        }
    }
}