{
    "sample-0": {
        "rouge-1": {
            "r": 0.305713775113775,
            "p": 0.15022448155865958,
            "f": 0.1944538997058477
        },
        "rouge-2": {
            "r": 0.018751010101010095,
            "p": 0.008646626490124943,
            "f": 0.01141206278043178
        },
        "rouge-l": {
            "r": 0.30330266400266387,
            "p": 0.1487464126117826,
            "f": 0.19263055379638486
        },
        "bleu": 1.6603523208530745e-80,
        "bert_score": {
            "precision": 0.5814822458028793,
            "recall": 0.6874306219816207,
            "f1_score": 0.6287309172153472
        }
    },
    "sample-2": {
        "rouge-1": {
            "r": 0.305713775113775,
            "p": 0.15022448155865958,
            "f": 0.1944538997058477
        },
        "rouge-2": {
            "r": 0.018751010101010095,
            "p": 0.008646626490124943,
            "f": 0.01141206278043178
        },
        "rouge-l": {
            "r": 0.30330266400266387,
            "p": 0.1487464126117826,
            "f": 0.19263055379638486
        },
        "bleu": 1.2175645228451656e-80,
        "bert_score": {
            "precision": 0.535537751197815,
            "recall": 0.5736003014445304,
            "f1_score": 0.5522362071871757
        }
    },
    "traffic-1": {
        "rouge-1": {
            "r": 0.5507816738816737,
            "p": 0.3439631644477859,
            "f": 0.40596204711422784
        },
        "rouge-2": {
            "r": 0.3100909090909095,
            "p": 0.17690961131273755,
            "f": 0.21350777640911764
        },
        "rouge-l": {
            "r": 0.5291653679653677,
            "p": 0.32888977368589045,
            "f": 0.38886178295433227
        },
        "bleu": 0.045217863888160445,
        "bert_score": {
            "precision": 0.6530601845383645,
            "recall": 0.7012607291936874,
            "f1_score": 0.6748130819797515
        }
    },
    "traffic-3": {
        "rouge-1": {
            "r": 0.5507816738816737,
            "p": 0.3439631644477859,
            "f": 0.40596204711422784
        },
        "rouge-2": {
            "r": 0.3100909090909095,
            "p": 0.17690961131273755,
            "f": 0.21350777640911764
        },
        "rouge-l": {
            "r": 0.5291653679653677,
            "p": 0.32888977368589045,
            "f": 0.38886178295433227
        },
        "bleu": 0.018945692049497313,
        "bert_score": {
            "precision": 0.6438001900315284,
            "recall": 0.7155275912284851,
            "f1_score": 0.6762184318304062
        }
    }
}